-- Script to insert data into the STORE database tables
-- This script assumes that the tables have already been created using the DDL script provided above.

-- Insert data into CUSTOMERS table
INSERT INTO CUSTOMERS (CUSTOMER_ID, EMAIL_ADDRESS, FULL_NAME) VALUES (1, 'john.doe@example.com', 'John Doe');
INSERT INTO CUSTOMERS (CUSTOMER_ID, EMAIL_ADDRESS, FULL_NAME) VALUES (2, 'jane.smith@example.com', 'Jane Smith');
INSERT INTO CUSTOMERS (CUSTOMER_ID, EMAIL_ADDRESS, FULL_NAME) VALUES (3, 'bob.jones@example.com', 'Bob Jones');
INSERT INTO CUSTOMERS (CUSTOMER_ID, EMAIL_ADDRESS, FULL_NAME) VALUES (4, 'alice.brown@example.com', 'Alice Brown');
INSERT INTO CUSTOMERS (CUSTOMER_ID, EMAIL_ADDRESS, FULL_NAME) VALUES (5, 'charlie.davis@example.com', 'Charlie Davis');
INSERT INTO CUSTOMERS (CUSTOMER_ID, EMAIL_ADDRESS, FULL_NAME) VALUES (6, 'david.wilson@example.com', 'David Wilson');
INSERT INTO CUSTOMERS (CUSTOMER_ID, EMAIL_ADDRESS, FULL_NAME) VALUES (7, 'eve.martin@example.com', 'Eve Martin');
INSERT INTO CUSTOMERS (CUSTOMER_ID, EMAIL_ADDRESS, FULL_NAME) VALUES (8, 'frank.miller@example.com', 'Frank Miller');
INSERT INTO CUSTOMERS (CUSTOMER_ID, EMAIL_ADDRESS, FULL_NAME) VALUES (9, 'grace.anderson@example.com', 'Grace Anderson');
INSERT INTO CUSTOMERS (CUSTOMER_ID, EMAIL_ADDRESS, FULL_NAME) VALUES (10, 'hannah.jackson@example.com', 'Hannah Jackson');
INSERT INTO CUSTOMERS (CUSTOMER_ID, EMAIL_ADDRESS, FULL_NAME) VALUES (11, 'ian.moore@example.com', 'Ian Moore');
INSERT INTO CUSTOMERS (CUSTOMER_ID, EMAIL_ADDRESS, FULL_NAME) VALUES (12, 'jackson.taylor@example.com', 'Jackson Taylor');
INSERT INTO CUSTOMERS (CUSTOMER_ID, EMAIL_ADDRESS, FULL_NAME) VALUES (13, 'kelly.clark@example.com', 'Kelly Clark');
INSERT INTO CUSTOMERS (CUSTOMER_ID, EMAIL_ADDRESS, FULL_NAME) VALUES (14, 'linda.walker@example.com', 'Linda Walker');
INSERT INTO CUSTOMERS (CUSTOMER_ID, EMAIL_ADDRESS, FULL_NAME) VALUES (15, 'michael.hall@example.com', 'Michael Hall');
INSERT INTO CUSTOMERS (CUSTOMER_ID, EMAIL_ADDRESS, FULL_NAME) VALUES (16, 'nancy.lee@example.com', 'Nancy Lee');
INSERT INTO CUSTOMERS (CUSTOMER_ID, EMAIL_ADDRESS, FULL_NAME) VALUES (17, 'oliver.young@example.com', 'Oliver Young');
INSERT INTO CUSTOMERS (CUSTOMER_ID, EMAIL_ADDRESS, FULL_NAME) VALUES (18, 'paul.king@example.com', 'Paul King');
INSERT INTO CUSTOMERS (CUSTOMER_ID, EMAIL_ADDRESS, FULL_NAME) VALUES (19, 'quincy.scott@example.com', 'Quincy Scott');
INSERT INTO CUSTOMERS (CUSTOMER_ID, EMAIL_ADDRESS, FULL_NAME) VALUES (20, 'rachel.green@example.com', 'Rachel Green');


-- Insert data into STORES table
INSERT INTO STORES (STORE_ID, STORE_NAME, WEB_ADDRESS, PHYSICAL_ADDRESS, LATITUDE, LONGITUDE, LOGO, LOGO_MIME_TYPE, LOGO_FILENAME, LOGO_CHARSET, LOGO_LAST_UPDATED) 
VALUES (1, 'Tech Store', 'www.techstore.com', '123 Tech Street, Silicon Valley', 37.7749, -122.4194, NULL, NULL, NULL, NULL, TO_DATE('2025-04-01', 'YYYY-MM-DD'));
INSERT INTO STORES (STORE_ID, STORE_NAME, WEB_ADDRESS, PHYSICAL_ADDRESS, LATITUDE, LONGITUDE, LOGO, LOGO_MIME_TYPE, LOGO_FILENAME, LOGO_CHARSET, LOGO_LAST_UPDATED) 
VALUES (2, 'Fashion Hub', 'www.fashionhub.com', '456 Fashion Avenue, New York', 40.7128, -74.0060, NULL, NULL, NULL, NULL, TO_DATE('2025-04-02', 'YYYY-MM-DD'));
INSERT INTO STORES (STORE_ID, STORE_NAME, WEB_ADDRESS, PHYSICAL_ADDRESS, LATITUDE, LONGITUDE, LOGO, LOGO_MIME_TYPE, LOGO_FILENAME, LOGO_CHARSET, LOGO_LAST_UPDATED) 
VALUES (3, 'Home Goods', 'www.homegoods.com', '789 Home St, Los Angeles', 34.0522, -118.2437, NULL, NULL, NULL, NULL, TO_DATE('2025-04-03', 'YYYY-MM-DD'));
INSERT INTO STORES (STORE_ID, STORE_NAME, WEB_ADDRESS, PHYSICAL_ADDRESS, LATITUDE, LONGITUDE, LOGO, LOGO_MIME_TYPE, LOGO_FILENAME, LOGO_CHARSET, LOGO_LAST_UPDATED) 
VALUES (4, 'Gadget World', 'www.gadgetworld.com', '101 Gadget Road, San Francisco', 37.7749, -122.4194, NULL, NULL, NULL, NULL, TO_DATE('2025-04-04', 'YYYY-MM-DD'));


-- Insert data into PRODUCTS table
INSERT INTO PRODUCTS (PRODUCT_ID, PRODUCT_NAME, UNIT_PRICE, PRODUCT_DETAILS, PRODUCT_IMAGE, IMAGE_FILENAME, IMAGE_CHARSET, IMAGE_MIME_TYPE, IMAGE_LAST_UPDATED) 
VALUES (1, 'Smartphone XYZ', 499.99, 'Latest smartphone with high-end features.', NULL, 'smartphone_xyz.jpg', 'UTF-8', 'image/jpeg', TO_DATE('2025-04-01', 'YYYY-MM-DD'));
INSERT INTO PRODUCTS (PRODUCT_ID, PRODUCT_NAME, UNIT_PRICE, PRODUCT_DETAILS, PRODUCT_IMAGE, IMAGE_FILENAME, IMAGE_CHARSET, IMAGE_MIME_TYPE, IMAGE_LAST_UPDATED) 
VALUES (2, 'Laptop ABC', 899.99, 'Powerful laptop with fast performance and large storage.', NULL, 'laptop_abc.jpg', 'UTF-8', 'image/jpeg', TO_DATE('2025-04-02', 'YYYY-MM-DD'));
INSERT INTO PRODUCTS (PRODUCT_ID, PRODUCT_NAME, UNIT_PRICE, PRODUCT_DETAILS, PRODUCT_IMAGE, IMAGE_FILENAME, IMAGE_CHARSET, IMAGE_MIME_TYPE, IMAGE_LAST_UPDATED) 
VALUES (3, 'Smartwatch 2025', 199.99, 'Fitness-focused smartwatch with heart-rate monitor and GPS.', NULL, 'smartwatch_2025.jpg', 'UTF-8', 'image/jpeg', TO_DATE('2025-04-03', 'YYYY-MM-DD'));
INSERT INTO PRODUCTS (PRODUCT_ID, PRODUCT_NAME, UNIT_PRICE, PRODUCT_DETAILS, PRODUCT_IMAGE, IMAGE_FILENAME, IMAGE_CHARSET, IMAGE_MIME_TYPE, IMAGE_LAST_UPDATED) 
VALUES (4, 'Wireless Earbuds', 129.99, 'Compact wireless earbuds with noise-cancellation.', NULL, 'wireless_earbuds.jpg', 'UTF-8', 'image/jpeg', TO_DATE('2025-04-04', 'YYYY-MM-DD'));
INSERT INTO STORES (STORE_ID, STORE_NAME, WEB_ADDRESS, PHYSICAL_ADDRESS, LATITUDE, LONGITUDE, LOGO, LOGO_MIME_TYPE, LOGO_FILENAME, LOGO_CHARSET, LOGO_LAST_UPDATED) 
VALUES (5, 'Book Haven', 'www.bookhaven.com', '202 Book Lane, Chicago', 41.8781, -87.6298, NULL, NULL, NULL, NULL, TO_DATE('2025-04-05', 'YYYY-MM-DD'));
INSERT INTO PRODUCTS (PRODUCT_ID, PRODUCT_NAME, UNIT_PRICE, PRODUCT_DETAILS, PRODUCT_IMAGE, IMAGE_FILENAME, IMAGE_CHARSET, IMAGE_MIME_TYPE, IMAGE_LAST_UPDATED) 
VALUES (6, 'Gaming Console X', 399.99, 'Next-gen gaming console with high performance and exclusive games.', NULL, 'gaming_console_x.jpg', 'UTF-8', 'image/jpeg', TO_DATE('2025-04-06', 'YYYY-MM-DD'));
INSERT INTO PRODUCTS (PRODUCT_ID, PRODUCT_NAME, UNIT_PRICE, PRODUCT_DETAILS, PRODUCT_IMAGE, IMAGE_FILENAME, IMAGE_CHARSET, IMAGE_MIME_TYPE, IMAGE_LAST_UPDATED) 
VALUES (7, 'Bluetooth Speaker', 59.99, 'Portable Bluetooth speaker with high-quality sound.', NULL, 'bluetooth_speaker.jpg', 'UTF-8', 'image/jpeg', TO_DATE('2025-04-07', 'YYYY-MM-DD'));
INSERT INTO PRODUCTS (PRODUCT_ID, PRODUCT_NAME, UNIT_PRICE, PRODUCT_DETAILS, PRODUCT_IMAGE, IMAGE_FILENAME, IMAGE_CHARSET, IMAGE_MIME_TYPE, IMAGE_LAST_UPDATED) 
VALUES (8, 'Electric Kettle', 29.99, 'Fast-boiling electric kettle with auto shut-off feature.', NULL, 'electric_kettle.jpg', 'UTF-8', 'image/jpeg', TO_DATE('2025-04-08', 'YYYY-MM-DD'));
INSERT INTO PRODUCTS (PRODUCT_ID, PRODUCT_NAME, UNIT_PRICE, PRODUCT_DETAILS, PRODUCT_IMAGE, IMAGE_FILENAME, IMAGE_CHARSET, IMAGE_MIME_TYPE, IMAGE_LAST_UPDATED) 
VALUES (9, 'Digital Camera', 499.99, 'High-resolution digital camera with 4K video recording.', NULL, 'digital_camera.jpg', 'UTF-8', 'image/jpeg', TO_DATE('2025-04-09', 'YYYY-MM-DD'));
INSERT INTO PRODUCTS (PRODUCT_ID, PRODUCT_NAME, UNIT_PRICE, PRODUCT_DETAILS, PRODUCT_IMAGE, IMAGE_FILENAME, IMAGE_CHARSET, IMAGE_MIME_TYPE, IMAGE_LAST_UPDATED) 
VALUES (10, 'Air Purifier', 199.99, 'Air purifier with HEPA filter and smart air quality monitor.', NULL, 'air_purifier.jpg', 'UTF-8', 'image/jpeg', TO_DATE('2025-04-10', 'YYYY-MM-DD'));
INSERT INTO PRODUCTS (PRODUCT_ID, PRODUCT_NAME, UNIT_PRICE, PRODUCT_DETAILS, PRODUCT_IMAGE, IMAGE_FILENAME, IMAGE_CHARSET, IMAGE_MIME_TYPE, IMAGE_LAST_UPDATED) 
VALUES (11, 'Electric Toothbrush', 49.99, 'Advanced electric toothbrush with multiple cleaning modes.', NULL, 'electric_toothbrush.jpg', 'UTF-8', 'image/jpeg', TO_DATE('2025-04-11', 'YYYY-MM-DD'));
INSERT INTO PRODUCTS (PRODUCT_ID, PRODUCT_NAME, UNIT_PRICE, PRODUCT_DETAILS, PRODUCT_IMAGE, IMAGE_FILENAME, IMAGE_CHARSET, IMAGE_MIME_TYPE, IMAGE_LAST_UPDATED) 
VALUES (12, 'Cordless Vacuum Cleaner', 129.99, 'Lightweight cordless vacuum cleaner with powerful suction.', NULL, 'cordless_vacuum.jpg', 'UTF-8', 'image/jpeg', TO_DATE('2025-04-12', 'YYYY-MM-DD'));
INSERT INTO PRODUCTS (PRODUCT_ID, PRODUCT_NAME, UNIT_PRICE, PRODUCT_DETAILS, PRODUCT_IMAGE, IMAGE_FILENAME, IMAGE_CHARSET, IMAGE_MIME_TYPE, IMAGE_LAST_UPDATED) 
VALUES (13, 'Robot Vacuum', 299.99, 'Smart robot vacuum with navigation and cleaning modes.', NULL, 'robot_vacuum.jpg', 'UTF-8', 'image/jpeg', TO_DATE('2025-04-13', 'YYYY-MM-DD'));
INSERT INTO PRODUCTS (PRODUCT_ID, PRODUCT_NAME, UNIT_PRICE, PRODUCT_DETAILS, PRODUCT_IMAGE, IMAGE_FILENAME, IMAGE_CHARSET, IMAGE_MIME_TYPE, IMAGE_LAST_UPDATED) 
VALUES (14, 'Portable Power Bank', 39.99, 'Compact portable power bank with fast charging.', NULL, 'portable_power_bank.jpg', 'UTF-8', 'image/jpeg', TO_DATE('2025-04-14', 'YYYY-MM-DD'));
INSERT INTO PRODUCTS (PRODUCT_ID, PRODUCT_NAME, UNIT_PRICE, PRODUCT_DETAILS, PRODUCT_IMAGE, IMAGE_FILENAME, IMAGE_CHARSET, IMAGE_MIME_TYPE, IMAGE_LAST_UPDATED) 
VALUES (15, 'Electric Grill', 79.99, 'Indoor electric grill with adjustable temperature control.', NULL, 'electric_grill.jpg', 'UTF-8', 'image/jpeg', TO_DATE('2025-04-15', 'YYYY-MM-DD'));
INSERT INTO PRODUCTS (PRODUCT_ID, PRODUCT_NAME, UNIT_PRICE, PRODUCT_DETAILS, PRODUCT_IMAGE, IMAGE_FILENAME, IMAGE_CHARSET, IMAGE_MIME_TYPE, IMAGE_LAST_UPDATED) 
VALUES (16, 'Smart Bulb', 19.99, 'Smart LED bulb with adjustable brightness and color.', NULL, 'smart_bulb.jpg', 'UTF-8', 'image/jpeg', TO_DATE('2025-04-16', 'YYYY-MM-DD'));
INSERT INTO PRODUCTS (PRODUCT_ID, PRODUCT_NAME, UNIT_PRICE, PRODUCT_DETAILS, PRODUCT_IMAGE, IMAGE_FILENAME, IMAGE_CHARSET, IMAGE_MIME_TYPE, IMAGE_LAST_UPDATED) 
VALUES (17, 'Smart Thermostat', 129.99, 'Smart thermostat with energy-saving modes and remote control.', NULL, 'smart_thermostat.jpg', 'UTF-8', 'image/jpeg', TO_DATE('2025-04-17', 'YYYY-MM-DD'));
INSERT INTO PRODUCTS (PRODUCT_ID, PRODUCT_NAME, UNIT_PRICE, PRODUCT_DETAILS, PRODUCT_IMAGE, IMAGE_FILENAME, IMAGE_CHARSET, IMAGE_MIME_TYPE, IMAGE_LAST_UPDATED) 
VALUES (18, 'Food Processor', 89.99, 'Multi-purpose food processor with chopping, slicing, and blending functions.', NULL, 'food_processor.jpg', 'UTF-8', 'image/jpeg', TO_DATE('2025-04-18', 'YYYY-MM-DD'));
INSERT INTO PRODUCTS (PRODUCT_ID, PRODUCT_NAME, UNIT_PRICE, PRODUCT_DETAILS, PRODUCT_IMAGE, IMAGE_FILENAME, IMAGE_CHARSET, IMAGE_MIME_TYPE, IMAGE_LAST_UPDATED) 
VALUES (19, 'Coffee Maker', 49.99, 'Programmable coffee maker with built-in grinder and thermal carafe.', NULL, 'coffee_maker.jpg', 'UTF-8', 'image/jpeg', TO_DATE('2025-04-19', 'YYYY-MM-DD'));
INSERT INTO PRODUCTS (PRODUCT_ID, PRODUCT_NAME, UNIT_PRICE, PRODUCT_DETAILS, PRODUCT_IMAGE, IMAGE_FILENAME, IMAGE_CHARSET, IMAGE_MIME_TYPE, IMAGE_LAST_UPDATED) 
VALUES (20, 'Smart Lock', 159.99, 'Smart door lock with remote access and keyless entry.', NULL, 'smart_lock.jpg', 'UTF-8', 'image/jpeg', TO_DATE('2025-04-20', 'YYYY-MM-DD'));


-- Insert data into ORDERS table
INSERT INTO ORDERS (ORDER_ID, ORDER_DATETIME, CUSTOMER_ID, STORE_ID, ORDER_STATUS) 
VALUES (1, TO_TIMESTAMP('2025-04-01 10:00:00', 'YYYY-MM-DD HH24:MI:SS'), 1, 1, 'Pending');
INSERT INTO ORDERS (ORDER_ID, ORDER_DATETIME, CUSTOMER_ID, STORE_ID, ORDER_STATUS) 
VALUES (2, TO_TIMESTAMP('2025-04-02 11:30:00', 'YYYY-MM-DD HH24:MI:SS'), 2, 2, 'Shipped');
INSERT INTO ORDERS (ORDER_ID, ORDER_DATETIME, CUSTOMER_ID, STORE_ID, ORDER_STATUS) 
VALUES (3, TO_TIMESTAMP('2025-04-03 12:15:00', 'YYYY-MM-DD HH24:MI:SS'), 3, 3, 'Delivered');
INSERT INTO ORDERS (ORDER_ID, ORDER_DATETIME, CUSTOMER_ID, STORE_ID, ORDER_STATUS) 
VALUES (4, TO_TIMESTAMP('2025-04-04 13:45:00', 'YYYY-MM-DD HH24:MI:SS'), 4, 4, 'Pending');
INSERT INTO ORDERS (ORDER_ID, ORDER_DATETIME, CUSTOMER_ID, STORE_ID, ORDER_STATUS) 
VALUES (5, TO_TIMESTAMP('2025-04-05 14:20:00', 'YYYY-MM-DD HH24:MI:SS'), 5, 5, 'Shipped');
INSERT INTO ORDERS (ORDER_ID, ORDER_DATETIME, CUSTOMER_ID, STORE_ID, ORDER_STATUS) 
VALUES (6, TO_TIMESTAMP('2025-04-06 15:05:00', 'YYYY-MM-DD HH24:MI:SS'), 6, 1, 'Delivered');
INSERT INTO ORDERS (ORDER_ID, ORDER_DATETIME, CUSTOMER_ID, STORE_ID, ORDER_STATUS) 
VALUES (7, TO_TIMESTAMP('2025-04-07 16:25:00', 'YYYY-MM-DD HH24:MI:SS'), 7, 2, 'Pending');
INSERT INTO ORDERS (ORDER_ID, ORDER_DATETIME, CUSTOMER_ID, STORE_ID, ORDER_STATUS) 
VALUES (8, TO_TIMESTAMP('2025-04-08 17:30:00', 'YYYY-MM-DD HH24:MI:SS'), 8, 3, 'Shipped');
INSERT INTO ORDERS (ORDER_ID, ORDER_DATETIME, CUSTOMER_ID, STORE_ID, ORDER_STATUS) 
VALUES (9, TO_TIMESTAMP('2025-04-09 18:10:00', 'YYYY-MM-DD HH24:MI:SS'), 9, 4, 'Delivered');
INSERT INTO ORDERS (ORDER_ID, ORDER_DATETIME, CUSTOMER_ID, STORE_ID, ORDER_STATUS) 
VALUES (10, TO_TIMESTAMP('2025-04-10 19:00:00', 'YYYY-MM-DD HH24:MI:SS'), 10, 5, 'Shipped');


-- Insert data into ORDER_ITEMS table
-- Orden 1
INSERT INTO ORDER_ITEMS (ORDER_ID, LINE_ITEM, PRODUCT_ID, UNIT_PRICE, QUANTITY) 
VALUES (1, 1, 1, 499.99, 1);  -- Producto: Smartphone XYZ
INSERT INTO ORDER_ITEMS (ORDER_ID, LINE_ITEM, PRODUCT_ID, UNIT_PRICE, QUANTITY) 
VALUES (1, 2, 2, 899.99, 2);  -- Producto: Laptop ABC

-- Orden 2
INSERT INTO ORDER_ITEMS (ORDER_ID, LINE_ITEM, PRODUCT_ID, UNIT_PRICE, QUANTITY) 
VALUES (2, 1, 3, 199.99, 1);  -- Producto: Smartwatch 2025
INSERT INTO ORDER_ITEMS (ORDER_ID, LINE_ITEM, PRODUCT_ID, UNIT_PRICE, QUANTITY) 
VALUES (2, 2, 4, 129.99, 3);  -- Producto: Wireless Earbuds

-- Orden 3
INSERT INTO ORDER_ITEMS (ORDER_ID, LINE_ITEM, PRODUCT_ID, UNIT_PRICE, QUANTITY) 
VALUES (3, 1, 5, 799.99, 1);  -- Producto: 4K LED TV
INSERT INTO ORDER_ITEMS (ORDER_ID, LINE_ITEM, PRODUCT_ID, UNIT_PRICE, QUANTITY) 
VALUES (3, 2, 6, 399.99, 2);  -- Producto: Gaming Console X

-- Orden 4
INSERT INTO ORDER_ITEMS (ORDER_ID, LINE_ITEM, PRODUCT_ID, UNIT_PRICE, QUANTITY) 
VALUES (4, 1, 7, 59.99, 1);   -- Producto: Bluetooth Speaker
INSERT INTO ORDER_ITEMS (ORDER_ID, LINE_ITEM, PRODUCT_ID, UNIT_PRICE, QUANTITY) 
VALUES (4, 2, 8, 29.99, 2);   -- Producto: Electric Kettle

-- Orden 5
INSERT INTO ORDER_ITEMS (ORDER_ID, LINE_ITEM, PRODUCT_ID, UNIT_PRICE, QUANTITY) 
VALUES (5, 1, 9, 499.99, 1);  -- Producto: Digital Camera
INSERT INTO ORDER_ITEMS (ORDER_ID, LINE_ITEM, PRODUCT_ID, UNIT_PRICE, QUANTITY) 
VALUES (5, 2, 10, 199.99, 3); -- Producto: Air Purifier

-- Orden 6
INSERT INTO ORDER_ITEMS (ORDER_ID, LINE_ITEM, PRODUCT_ID, UNIT_PRICE, QUANTITY) 
VALUES (6, 1, 11, 49.99, 2);  -- Producto: Electric Toothbrush
INSERT INTO ORDER_ITEMS (ORDER_ID, LINE_ITEM, PRODUCT_ID, UNIT_PRICE, QUANTITY) 
VALUES (6, 2, 12, 129.99, 1); -- Producto: Cordless Vacuum Cleaner

-- Orden 7
INSERT INTO ORDER_ITEMS (ORDER_ID, LINE_ITEM, PRODUCT_ID, UNIT_PRICE, QUANTITY) 
VALUES (7, 1, 13, 299.99, 1); -- Producto: Robot Vacuum
INSERT INTO ORDER_ITEMS (ORDER_ID, LINE_ITEM, PRODUCT_ID, UNIT_PRICE, QUANTITY) 
VALUES (7, 2, 14, 39.99, 4);  -- Producto: Portable Power Bank

-- Orden 8
INSERT INTO ORDER_ITEMS (ORDER_ID, LINE_ITEM, PRODUCT_ID, UNIT_PRICE, QUANTITY) 
VALUES (8, 1, 15, 79.99, 2);  -- Producto: Electric Grill
INSERT INTO ORDER_ITEMS (ORDER_ID, LINE_ITEM, PRODUCT_ID, UNIT_PRICE, QUANTITY) 
VALUES (8, 2, 16, 19.99, 1);  -- Producto: Smart Bulb

-- Orden 9
INSERT INTO ORDER_ITEMS (ORDER_ID, LINE_ITEM, PRODUCT_ID, UNIT_PRICE, QUANTITY) 
VALUES (9, 1, 17, 129.99, 2); -- Producto: Smart Thermostat
INSERT INTO ORDER_ITEMS (ORDER_ID, LINE_ITEM, PRODUCT_ID, UNIT_PRICE, QUANTITY) 
VALUES (9, 2, 18, 89.99, 1);  -- Producto: Food Processor

-- Orden 10
INSERT INTO ORDER_ITEMS (ORDER_ID, LINE_ITEM, PRODUCT_ID, UNIT_PRICE, QUANTITY) 
VALUES (10, 1, 19, 49.99, 3);  -- Producto: Coffee Maker
INSERT INTO ORDER_ITEMS (ORDER_ID, LINE_ITEM, PRODUCT_ID, UNIT_PRICE, QUANTITY) 
VALUES (10, 2, 20, 159.99, 1); -- Producto: Smart Lock
